{
  "version": 1,
  "author": "Stefano Tinelli",
  "editor": "wokwi",
  "parts": [
    { "type": "wokwi-esp32-devkit-v1", "id": "esp", "top": 0, "left": 0, "attrs": {} },
    {
      "type": "wokwi-led",
      "id": "led1",
      "top": -22.47,
      "left": -232.82,
      "attrs": { "color": "red" }
    },
    {
      "type": "wokwi-led",
      "id": "led2",
      "top": -23.128774679137848,
      "left": -205.6371253968321,
      "attrs": { "color": "red" }
    },
    {
      "type": "wokwi-led",
      "id": "led3",
      "top": -24.66,
      "left": -175.85,
      "attrs": { "color": "red" }
    },
    {
      "type": "wokwi-led",
      "id": "led4",
      "top": -25.32,
      "left": -145.19,
      "attrs": { "color": "red" }
    },
    {
      "type": "wokwi-photoresistor-sensor",
      "id": "ldr1",
      "top": 277.67,
      "left": -44.5,
      "attrs": {}
    },
    {
      "type": "wokwi-buzzer",
      "id": "bz1",
      "top": -4.9,
      "left": 284.24,
      "attrs": { "volume": "0.1" }
    },
    {
      "type": "wokwi-pushbutton",
      "id": "btn1",
      "top": 206.75,
      "left": -261.77,
      "attrs": { "color": "blue" }
    },
    {
      "type": "wokwi-pushbutton",
      "id": "btn2",
      "top": 271.28,
      "left": -263.66,
      "attrs": { "color": "blue" }
    }
  ],
  "connections": [
    [ "esp:TX0", "$serialMonitor:RX", "", [] ],
    [ "esp:RX0", "$serialMonitor:TX", "", [] ],
    [ "led4:C", "esp:D35", "red", [ "v0" ] ],
    [ "led3:C", "esp:D32", "red", [ "v0" ] ],
    [ "led2:C", "esp:D33", "red", [ "v0" ] ],
    [ "led1:C", "esp:D25", "red", [ "v0" ] ],
    [ "led4:A", "esp:GND.1", "black", [ "v0.1", "h114.01", "v-34.8", "h147.03", "v167.91" ] ],
    [
      "led3:A",
      "esp:GND.1",
      "black",
      [ "v-11", "h135.1", "v-33.93", "h162.69", "v177.48", "h35.67" ]
    ],
    [ "led2:A", "esp:GND.1", "black", [ "v-21.23", "h158.8", "v-33.06", "h172.26", "v182.7" ] ],
    [ "led1:A", "esp:GND.1", "black", [ "v-2.75", "h203.38", "v-33.06", "h142.68", "v163.56" ] ],
    [ "ldr1:GND", "esp:GND.1", "black", [ "h11.64", "v-155.77" ] ],
    [ "btn1:1.l", "esp:GND.2", "black", [ "h1.26", "v-65.1" ] ],
    [ "btn2:1.l", "esp:GND.2", "black", [ "h-43.01", "v-135.26" ] ],
    [ "bz1:1", "esp:GND.1", "black", [ "v0" ] ],
    [
      "btn1:2.l",
      "esp:D21",
      "red",
      [ "h-0.99", "v0.33", "h-18.01", "v137.35", "h448.06", "v-320.85" ]
    ],
    [ "btn2:2.l", "esp:D18", "red", [ "h-4.73", "v52.89", "h426.67", "v-281.44" ] ],
    [ "ldr1:VCC", "esp:D4", "red", [ "h-1.68", "v-174.9" ] ],
    [ "bz1:2", "esp:D15", "red", [ "v0" ] ]
  ]
}